{
  "task_accuracy": 0.0025,
  "pixel_accuracy": 0.8730361111111111,
  "size_accuracy": 1.0,
  "avg_size_match": 1.0,
  "avg_pixel_accuracy": 0.8730361111111119,
  "avg_color_accuracy": 0.2835228174603175,
  "avg_non_background_accuracy": 0.0028416666666666664,
  "total_tasks": 400,
  "correct_tasks": 1
}